﻿"Post Count","Category Page URL","Posts","Description","ID","Label","Translation ID","Slug","Category Page Slug","Cover Image","Language"
16,"/read/categories/finance","[""65784002637ef855d6c523f4"",""65af89f5ec670e7b7726157b"",""65c1fd82d128a53a4e11455a"",""65cdf022d50cfb922aac98bd"",""65f4631e243bdd087d132948"",""65f533d573a674f3da515f87"",""65f7e8c5ca978879205c583f"",""65fd6ab80a7509232d343cf2"",""6605fa1a3e8de61197a41eea"",""661e963faa2a82bdcf173330"",""6622a132190ceeea076b5163"",""6662e133feb513548a953999"",""667af3aaa36cb4395e83ec42"",""667d815c647cc572839e58de"",""6684fb1a7ece979a55e54153"",""66a7706821dc0fb168b3f847""]",,"6578275e26f0592f664125cc","Finance",,"finance","/categories/finance",,"en"
16,"/read/categories/others","[""6585bb1cc8e9f7ee97ad084b"",""65a13b0d3fbe62133d883f8d"",""65c5f57bfe4aef380e98d6d7"",""65c7cc86a4accf1c0b73573e"",""65c9fef4b245afdebdf50158"",""65ca024e96318e8a7ffeacc9"",""65cbaad7b86ca4defd90b663"",""65cdf5077358026a1b3baae9"",""65d5bfd60d9cc0caae4c6e18"",""65d67c47cc8b6eacbabec35f"",""65d869386639fcc7e515dc02"",""65dd9fed692d84d3a6a4d971"",""65f080fcb28be844216016e4"",""65fc3eb8d75ba33674827ed8"",""667d7dbe6161fa68db682ffc"",""67459ff45c57f1026b837dc4""]",,"6578149d1bbefecb187088c4","Others",,"others","/categories/others",,"en"
2,"/read/categories/corporate-law","[""65783f310f55bb50f0d256ca"",""65fe7bdd4f4034f9971a12fc""]",,"6577feef59d81f122dfcce3e","Corporate Law",,"corporate-law","/categories/corporate-law",,"en"
4,"/read/categories/gst","[""65783ee1e920d3abc64b9f2c"",""65d6394aa023d7053a840672"",""65f30f931a6cf69501fd6b3f"",""660f4e313a6d785f0372703d""]",,"6577fedc1f5114eed23f3cd6","GST",,"gst","/categories/gst",,"en"
11,"/read/categories/income-tax","[""65783df9a763ad50a09a09bd"",""65784107e43946d0b8ae6b67"",""6583e59e408011d76866ed20"",""6585bb1cc8e9f7ee97ad084b"",""65c332745868123ba6dd53a6"",""65dafabf032cd5ebe0959284"",""65de49aee6822ef3487747f6"",""65f30f931a6cf69501fd6b3f"",""66103a5e2735fc135775523a"",""67459ff45c57f1026b837dc4"",""67e8fcfd89f652c76e96d268""]",,"6577fed2ad9b002849fa77a2","Income Tax",,"income-tax","/categories/income-tax",,"en"
