﻿"Name","Main Media","ID","Slug","Page Url"
"Accounting","wix:image://v1/614034_103e8f4ab0ae4536a38b319d3eb437ed~mv2.png/missing-media.png#originWidth=500&originHeight=500","17fce5d7-0d98-4b6b-9a06-8d311fe03c02","accounting","/category/accounting"
"Advisory","wix:image://v1/614034_103e8f4ab0ae4536a38b319d3eb437ed~mv2.png/missing-media.png#originWidth=500&originHeight=500","e0599763-4603-44d5-a2ff-db875d1d770c","advisory","/category/advisory"
"All Products","wix:image://v1/22e53e_ef2ebbf33af24b7fba34e44589f3dc38~mv2.jpg/file.jpg#originWidth=5000&originHeight=3652","00000000-000000-000000-000000000001","all-products","/category/all-products"
"Audit","wix:image://v1/614034_103e8f4ab0ae4536a38b319d3eb437ed~mv2.png/missing-media.png#originWidth=500&originHeight=500","f783a358-0c35-418a-9ec8-e014f0350032","audit","/category/audit"
"Business Setup","wix:image://v1/614034_103e8f4ab0ae4536a38b319d3eb437ed~mv2.png/missing-media.png#originWidth=500&originHeight=500","ccb8aa4a-fab8-4013-bb8c-de2c567d9a65","business-setup","/category/business-setup"
"GST","wix:image://v1/614034_103e8f4ab0ae4536a38b319d3eb437ed~mv2.png/missing-media.png#originWidth=500&originHeight=500","dbce3376-3739-4494-9faa-944e17554006","gst","/category/gst"
"Taxation","wix:image://v1/614034_103e8f4ab0ae4536a38b319d3eb437ed~mv2.png/missing-media.png#originWidth=500&originHeight=500","f95bc04a-a490-16d5-d9f0-dfbce700c6b1","taxation","/category/taxation"
"Training","wix:image://v1/614034_103e8f4ab0ae4536a38b319d3eb437ed~mv2.png/missing-media.png#originWidth=500&originHeight=500","6f840a71-a23e-44ba-907f-41d20b4905d0","training","/category/training"
