﻿"SEO Data","In Stock","Weight","Name","SKU","Formatted Discounted Price","Product Options","Main Media","Description","ID","Discounted Price","Formatted Price","Price","Quantity In Stock","Collections","Inventory Item","Updated Date","Formatted Price Per Unit","Slug","Product Type","Brand","Ribbons","Price Per Unit Data","Media Items","Track Inventory","Custom Text Fields","Price Per Unit","Ribbon","Currency","Product Page Url","Numeric Id","Manage Variants","Discount","Additional Info Sections","Date Created"
,true,0,"Excel & Finance Templates","TCH-1020","₹999.00","{""Service Type"":{""optionType"":""drop_down"",""name"":""Service Type"",""choices"":[{""inStock"":true,""visible"":true,""mainMedia"":null,""description"":""Training"",""mediaItems"":[],""value"":""Training""}]}}","wix:image://v1/bb8fb0_985953262497418ba3d39d52ca83191c~mv2.png/file.png#originWidth=1024&originHeight=1024","Custom-made Excel models and financial templates.","c7a02f3c-30ae-4c58-8112-7fc347348eb7",999,"₹999.00",999,,"[""6f840a71-a23e-44ba-907f-41d20b4905d0"",""00000000-000000-000000-000000000001""]","385fd0c3-cf51-b3a7-7eed-803cb8cb7148",2025-10-12T03:23:58Z,,"excel-finance-templates","physical","TaxChela",[],,"[{""description"":"""",""id"":""bb8fb0_985953262497418ba3d39d52ca83191c~mv2.png"",""link"":null,""src"":""wix:image://v1/bb8fb0_985953262497418ba3d39d52ca83191c~mv2.png/file.png#originWidth=1024&originHeight=1024"",""title"":""20.png"",""type"":""Image""}]",false,[],,,"INR","/product-page/excel-finance-templates","1760100691949000",false,"{""type"":""NONE"",""value"":0}","[{""title"":""Standard Pricing Disclaimer"",""description"":""All prices are standard reference rates. Actual prices will be as contracted and mutually agreed with the client. Refer to the Pricing Policy or contact us for details.""}]",2025-10-10T12:51:31Z
,true,0,"SAP / ERP Functional Training","TCH-1019","₹4,000.00","{""Service Type"":{""optionType"":""drop_down"",""name"":""Service Type"",""choices"":[{""inStock"":true,""visible"":true,""mainMedia"":null,""description"":""Training"",""mediaItems"":[],""value"":""Training""}]}}","wix:image://v1/bb8fb0_fcfc18ce848847e3a5053b9dbd58b9d2~mv2.png/file.png#originWidth=1024&originHeight=1024","Module-based SAP/ERP hands-on training for consultants.","9d5eca36-6e98-4499-be8c-48ef6ad46af8",4000,"₹4,000.00",4000,,"[""6f840a71-a23e-44ba-907f-41d20b4905d0"",""00000000-000000-000000-000000000001""]","62a135c9-9167-bb66-4173-b710952b9507",2025-10-12T03:23:44Z,,"sap-erp-functional-training","physical","TaxChela",[],,"[{""description"":"""",""id"":""bb8fb0_fcfc18ce848847e3a5053b9dbd58b9d2~mv2.png"",""link"":null,""src"":""wix:image://v1/bb8fb0_fcfc18ce848847e3a5053b9dbd58b9d2~mv2.png/file.png#originWidth=1024&originHeight=1024"",""title"":""19.png"",""type"":""Image""}]",false,[],,,"INR","/product-page/sap-erp-functional-training","1760100691949016",false,"{""type"":""NONE"",""value"":0}","[{""title"":""Standard Pricing Disclaimer"",""description"":""All prices are standard reference rates. Actual prices will be as contracted and mutually agreed with the client. Refer to the Pricing Policy or contact us for details.""}]",2025-10-10T12:51:31Z
,true,0,"Accounting / GST Courses","TCH-1018","₹1,500.00","{""Service Type"":{""optionType"":""drop_down"",""name"":""Service Type"",""choices"":[{""inStock"":true,""visible"":true,""mainMedia"":null,""description"":""Training"",""mediaItems"":[],""value"":""Training""}]}}","wix:image://v1/bb8fb0_d64b2f19fec646ad85e77add77fc91bf~mv2.png/file.png#originWidth=1024&originHeight=1024","Training programs on Accounting and GST for professionals.","6d6683be-2a11-4e33-89e4-8823b42961ff",1500,"₹1,500.00",1500,,"[""6f840a71-a23e-44ba-907f-41d20b4905d0"",""00000000-000000-000000-000000000001""]","92997c41-d5ee-b1cc-761b-77dc4bd69e00",2025-10-12T03:23:23Z,,"accounting-gst-courses","physical","TaxChela",[],,"[{""description"":"""",""id"":""bb8fb0_d64b2f19fec646ad85e77add77fc91bf~mv2.png"",""link"":null,""src"":""wix:image://v1/bb8fb0_d64b2f19fec646ad85e77add77fc91bf~mv2.png/file.png#originWidth=1024&originHeight=1024"",""title"":""18.png"",""type"":""Image""}]",false,[],,,"INR","/product-page/accounting-gst-courses","1760100691949032",false,"{""type"":""NONE"",""value"":0}","[{""title"":""Standard Pricing Disclaimer"",""description"":""All prices are standard reference rates. Actual prices will be as contracted and mutually agreed with the client. Refer to the Pricing Policy or contact us for details.""}]",2025-10-10T12:51:31Z
,true,0,"Net Worth / Turnover Certificate","TCH-1017","₹1,000.00","{""Service Type"":{""optionType"":""drop_down"",""name"":""Service Type"",""choices"":[{""inStock"":true,""visible"":true,""mainMedia"":null,""description"":""Audit"",""mediaItems"":[],""value"":""Audit""}]}}","wix:image://v1/bb8fb0_e1d6a620f84c4374b1b3abadc958e8da~mv2.png/file.png#originWidth=1024&originHeight=1024","CA-signed certificates for bank or tender purposes.","7e01b225-fb37-47a1-a077-2985336a54ee",1000,"₹1,000.00",1000,,"[""f783a358-0c35-418a-9ec8-e014f0350032"",""00000000-000000-000000-000000000001""]","81fe4dda-04c8-b85e-5f88-d67acc95ab11",2025-10-12T03:23:09Z,,"net-worth-turnover-certificate","physical","TaxChela",[],,"[{""description"":"""",""id"":""bb8fb0_e1d6a620f84c4374b1b3abadc958e8da~mv2.png"",""link"":null,""src"":""wix:image://v1/bb8fb0_e1d6a620f84c4374b1b3abadc958e8da~mv2.png/file.png#originWidth=1024&originHeight=1024"",""title"":""17.png"",""type"":""Image""}]",false,[],,,"INR","/product-page/net-worth-turnover-certificate","1760100691949048",false,"{""type"":""NONE"",""value"":0}","[{""title"":""Standard Pricing Disclaimer"",""description"":""All prices are standard reference rates. Actual prices will be as contracted and mutually agreed with the client. Refer to the Pricing Policy or contact us for details.""}]",2025-10-10T12:51:31Z
,true,0,"Tax Audit / Internal Audit","TCH-1016","₹5,000.00","{""Service Type"":{""optionType"":""drop_down"",""name"":""Service Type"",""choices"":[{""inStock"":true,""visible"":true,""mainMedia"":null,""description"":""Audit"",""mediaItems"":[],""value"":""Audit""}]}}","wix:image://v1/bb8fb0_eb747d2f3af144bda51ec2d25c166403~mv2.png/file.png#originWidth=1024&originHeight=1024","Professional audit service as per applicable statutes.","ae63a344-5e53-435b-848f-10054e08d299",5000,"₹5,000.00",5000,,"[""f783a358-0c35-418a-9ec8-e014f0350032"",""00000000-000000-000000-000000000001""]","519c5cbb-a1ac-bca4-7b70-effab1f72d66",2025-10-12T03:22:54Z,,"tax-audit-internal-audit","physical","TaxChela",[],,"[{""description"":"""",""id"":""bb8fb0_eb747d2f3af144bda51ec2d25c166403~mv2.png"",""link"":null,""src"":""wix:image://v1/bb8fb0_eb747d2f3af144bda51ec2d25c166403~mv2.png/file.png#originWidth=1024&originHeight=1024"",""title"":""16.png"",""type"":""Image""}]",false,[],,,"INR","/product-page/tax-audit-internal-audit","1760100691949064",false,"{""type"":""NONE"",""value"":0}","[{""title"":""Standard Pricing Disclaimer"",""description"":""All prices are standard reference rates. Actual prices will be as contracted and mutually agreed with the client. Refer to the Pricing Policy or contact us for details.""}]",2025-10-10T12:51:31Z
,true,0,"CMA Report / Projected Financials","TCH-1015","₹2,500.00","{""Service Type"":{""optionType"":""drop_down"",""name"":""Service Type"",""choices"":[{""inStock"":true,""visible"":true,""mainMedia"":null,""description"":""Advisory"",""mediaItems"":[],""value"":""Advisory""}]}}","wix:image://v1/bb8fb0_3b3fc2cd1a5f48fda5d09915501d33b3~mv2.png/file.png#originWidth=1024&originHeight=1024","Preparation of CMA data and financial projections for loans.","e71e49f2-aedc-41fd-bf2d-a47711be7a9b",2500,"₹2,500.00",2500,,"[""e0599763-4603-44d5-a2ff-db875d1d770c"",""00000000-000000-000000-000000000001""]","18e1b60d-5123-be02-40d2-5b88ee418564",2025-10-12T03:22:18Z,,"cma-report-projected-financials","physical","TaxChela",[],,"[{""description"":"""",""id"":""bb8fb0_3b3fc2cd1a5f48fda5d09915501d33b3~mv2.png"",""link"":null,""src"":""wix:image://v1/bb8fb0_3b3fc2cd1a5f48fda5d09915501d33b3~mv2.png/file.png#originWidth=1024&originHeight=1024"",""title"":""15.png"",""type"":""Image""}]",false,[],,,"INR","/product-page/cma-report-projected-financials","1760100691949080",false,"{""type"":""NONE"",""value"":0}","[{""title"":""Standard Pricing Disclaimer"",""description"":""All prices are standard reference rates. Actual prices will be as contracted and mutually agreed with the client. Refer to the Pricing Policy or contact us for details.""}]",2025-10-10T12:51:31Z
,true,0,"M&A / Due-Diligence Consultation","TCH-1014","₹5,000.00","{""Service Type"":{""optionType"":""drop_down"",""name"":""Service Type"",""choices"":[{""inStock"":true,""visible"":true,""mainMedia"":null,""description"":""Advisory"",""mediaItems"":[],""value"":""Advisory""}]}}","wix:image://v1/bb8fb0_4e32a83f55404cfab1af3d4cdaaa7399~mv2.png/file.png#originWidth=1024&originHeight=1024","Merger, acquisition, and compliance due diligence consulting.","ae5d42ce-4f2f-4a2b-a567-bee5806af88a",5000,"₹5,000.00",5000,,"[""e0599763-4603-44d5-a2ff-db875d1d770c"",""00000000-000000-000000-000000000001""]","51a2bd31-b0d0-b5d4-5a98-411a7f950775",2025-10-12T03:21:53Z,,"m-a-due-diligence-consultation","physical","TaxChela",[],,"[{""description"":"""",""id"":""bb8fb0_4e32a83f55404cfab1af3d4cdaaa7399~mv2.png"",""link"":null,""src"":""wix:image://v1/bb8fb0_4e32a83f55404cfab1af3d4cdaaa7399~mv2.png/file.png#originWidth=1024&originHeight=1024"",""title"":""14.png"",""type"":""Image""}]",false,[],,,"INR","/product-page/m-a-due-diligence-consultation","1760100691949096",false,"{""type"":""NONE"",""value"":0}","[{""title"":""Standard Pricing Disclaimer"",""description"":""All prices are standard reference rates. Actual prices will be as contracted and mutually agreed with the client. Refer to the Pricing Policy or contact us for details.""}]",2025-10-10T12:51:31Z
,true,0,"Business Valuation / Startup Advisory","TCH-1013","₹3,000.00","{""Service Type"":{""optionType"":""drop_down"",""name"":""Service Type"",""choices"":[{""inStock"":true,""visible"":true,""mainMedia"":null,""description"":""Advisory"",""mediaItems"":[],""value"":""Advisory""}]}}","wix:image://v1/bb8fb0_b71284e13776484482b0fab65f64011a~mv2.png/file.png#originWidth=1024&originHeight=1024","Valuation and startup business consultancy services.","3ef0f173-3737-4410-b4bb-0ae3bc6cc7ae",3000,"₹3,000.00",3000,,"[""e0599763-4603-44d5-a2ff-db875d1d770c"",""00000000-000000-000000-000000000001""]","c10f0e8c-c8c8-bbef-4b44-f51c43933851",2025-10-12T03:21:30Z,,"business-valuation-startup-advisory","physical","TaxChela",[],,"[{""description"":"""",""id"":""bb8fb0_b71284e13776484482b0fab65f64011a~mv2.png"",""link"":null,""src"":""wix:image://v1/bb8fb0_b71284e13776484482b0fab65f64011a~mv2.png/file.png#originWidth=1024&originHeight=1024"",""title"":""13.png"",""type"":""Image""}]",false,[],,,"INR","/product-page/business-valuation-startup-advisory","1760100691949112",false,"{""type"":""NONE"",""value"":0}","[{""title"":""Standard Pricing Disclaimer"",""description"":""All prices are standard reference rates. Actual prices will be as contracted and mutually agreed with the client. Refer to the Pricing Policy or contact us for details.""}]",2025-10-10T12:51:31Z
,true,0,"MSME / UDYAM Registration","TCH-1012","₹499.00","{""Service Type"":{""optionType"":""drop_down"",""name"":""Service Type"",""choices"":[{""inStock"":true,""visible"":true,""mainMedia"":null,""description"":""Business Setup"",""mediaItems"":[],""value"":""Business Setup""}]}}","wix:image://v1/bb8fb0_452aae7df4ac4730b4ec3f42dbcd18e0~mv2.png/file.png#originWidth=1024&originHeight=1024","Micro, Small &amp; Medium Enterprise registration and certification.","75984f82-b7e7-4b3b-8db1-5ba1ad3dc91d",499,"₹499.00",499,,"[""ccb8aa4a-fab8-4013-bb8c-de2c567d9a65"",""00000000-000000-000000-000000000001""]","8a67b07d-4818-b4c4-724e-a45e52c236e2",2025-10-12T03:21:12Z,,"msme-udyam-registration","physical","TaxChela",[],,"[{""description"":"""",""id"":""bb8fb0_452aae7df4ac4730b4ec3f42dbcd18e0~mv2.png"",""link"":null,""src"":""wix:image://v1/bb8fb0_452aae7df4ac4730b4ec3f42dbcd18e0~mv2.png/file.png#originWidth=1024&originHeight=1024"",""title"":""12.png"",""type"":""Image""}]",false,[],,,"INR","/product-page/msme-udyam-registration","1760100691949128",false,"{""type"":""NONE"",""value"":0}","[{""title"":""Standard Pricing Disclaimer"",""description"":""All prices are standard reference rates. Actual prices will be as contracted and mutually agreed with the client. Refer to the Pricing Policy or contact us for details.""}]",2025-10-10T12:51:31Z
,true,0,"LLP / Pvt. Ltd. Incorporation","TCH-1011","₹7,500.00","{""Service Type"":{""optionType"":""drop_down"",""name"":""Service Type"",""choices"":[{""inStock"":true,""visible"":true,""mainMedia"":null,""description"":""Business Setup"",""mediaItems"":[],""value"":""Business Setup""}]}}","wix:image://v1/bb8fb0_d4022e6917784f8b99bc9808d9c86e2c~mv2.png/file.png#originWidth=1024&originHeight=1024","Company or LLP incorporation with full documentation.","4711c214-19bc-48cb-8861-b938fbd4dda6",7500,"₹7,500.00",7500,,"[""ccb8aa4a-fab8-4013-bb8c-de2c567d9a65"",""00000000-000000-000000-000000000001""]","b8ee3deb-e643-b734-779e-46c7042b2259",2025-10-12T03:20:50Z,,"llp-pvt-ltd-incorporation","physical","TaxChela",[],,"[{""description"":"""",""id"":""bb8fb0_d4022e6917784f8b99bc9808d9c86e2c~mv2.png"",""link"":null,""src"":""wix:image://v1/bb8fb0_d4022e6917784f8b99bc9808d9c86e2c~mv2.png/file.png#originWidth=1024&originHeight=1024"",""title"":""11.png"",""type"":""Image""}]",false,[],,,"INR","/product-page/llp-pvt-ltd-incorporation","1760100691949144",false,"{""type"":""NONE"",""value"":0}","[{""title"":""Standard Pricing Disclaimer"",""description"":""All prices are standard reference rates. Actual prices will be as contracted and mutually agreed with the client. Refer to the Pricing Policy or contact us for details.""}]",2025-10-10T12:51:31Z
,true,0,"Proprietorship / Partnership Setup","TCH-1010","₹2,500.00","{""Service Type"":{""optionType"":""drop_down"",""name"":""Service Type"",""choices"":[{""inStock"":true,""visible"":true,""mainMedia"":null,""description"":""Business Setup"",""mediaItems"":[],""value"":""Business Setup""}]}}","wix:image://v1/bb8fb0_3e4b01e04726405a8874187006d1deb8~mv2.png/file.png#originWidth=1024&originHeight=1024","Business registration with PAN, MSME, and GST as applicable.","10897e1a-2f1c-4cf7-9fc0-6b6bb569b9a8",2500,"₹2,500.00",2500,,"[""ccb8aa4a-fab8-4013-bb8c-de2c567d9a65"",""00000000-000000-000000-000000000001""]","ef7681e5-d0e3-b308-603f-94944a964657",2025-10-12T03:20:35Z,,"proprietorship-partnership-setup","physical","TaxChela",[],,"[{""description"":"""",""id"":""bb8fb0_3e4b01e04726405a8874187006d1deb8~mv2.png"",""link"":null,""src"":""wix:image://v1/bb8fb0_3e4b01e04726405a8874187006d1deb8~mv2.png/file.png#originWidth=1024&originHeight=1024"",""title"":""10.png"",""type"":""Image""}]",false,[],,,"INR","/product-page/proprietorship-partnership-setup","1760100691949160",false,"{""type"":""NONE"",""value"":0}","[{""title"":""Standard Pricing Disclaimer"",""description"":""All prices are standard reference rates. Actual prices will be as contracted and mutually agreed with the client. Refer to the Pricing Policy or contact us for details.""}]",2025-10-10T12:51:31Z
,true,0,"Digital Signature (DSC)","TCH-1009","₹800.00","{""Service Type"":{""optionType"":""drop_down"",""name"":""Service Type"",""choices"":[{""inStock"":true,""visible"":true,""mainMedia"":null,""description"":""Accounting"",""mediaItems"":[],""value"":""Accounting""}]}}","wix:image://v1/bb8fb0_bc8955fd81a0472e9d8e79469c4d4b06~mv2.png/file.png#originWidth=1024&originHeight=1024","Issuance of Class 3 Digital Signature Certificate valid for 1 year.","8888f2e4-a4a6-4d77-9222-821494def3d0",800,"₹800.00",800,,"[""17fce5d7-0d98-4b6b-9a06-8d311fe03c02"",""00000000-000000-000000-000000000001""]","77770d1b-5b59-b288-6ddd-7deb6b210c2f",2025-10-12T03:20:16Z,,"digital-signature-dsc","physical","TaxChela",[],,"[{""description"":"""",""id"":""bb8fb0_bc8955fd81a0472e9d8e79469c4d4b06~mv2.png"",""link"":null,""src"":""wix:image://v1/bb8fb0_bc8955fd81a0472e9d8e79469c4d4b06~mv2.png/file.png#originWidth=1024&originHeight=1024"",""title"":""9.png"",""type"":""Image""}]",false,[],,,"INR","/product-page/digital-signature-dsc","1760100691949176",false,"{""type"":""NONE"",""value"":0}","[{""title"":""Standard Pricing Disclaimer"",""description"":""All prices are standard reference rates. Actual prices will be as contracted and mutually agreed with the client. Refer to the Pricing Policy or contact us for details.""}]",2025-10-10T12:51:31Z
,true,0,"ROC / Annual Return Filing","TCH-1008","₹2,500.00","{""Service Type"":{""optionType"":""drop_down"",""name"":""Service Type"",""choices"":[{""inStock"":true,""visible"":true,""mainMedia"":null,""description"":""Accounting"",""mediaItems"":[],""value"":""Accounting""}]}}","wix:image://v1/bb8fb0_ec7281769d68441f90fa093882d4cbbb~mv2.png/file.png#originWidth=1024&originHeight=1024","Registrar of Companies (ROC) compliance and filing.","0f38c7ec-1185-4b4f-943b-14846737b2a1",2500,"₹2,500.00",2500,,"[""17fce5d7-0d98-4b6b-9a06-8d311fe03c02"",""00000000-000000-000000-000000000001""]","f0c73813-ee7a-b4b0-6bc4-eb7b98c84d5e",2025-10-12T03:19:53Z,,"roc-annual-return-filing","physical","TaxChela",[],,"[{""description"":"""",""id"":""bb8fb0_ec7281769d68441f90fa093882d4cbbb~mv2.png"",""link"":null,""src"":""wix:image://v1/bb8fb0_ec7281769d68441f90fa093882d4cbbb~mv2.png/file.png#originWidth=1024&originHeight=1024"",""title"":""8.png"",""type"":""Image""}]",false,[],,,"INR","/product-page/roc-annual-return-filing","1760100691949192",false,"{""type"":""NONE"",""value"":0}","[{""title"":""Standard Pricing Disclaimer"",""description"":""All prices are standard reference rates. Actual prices will be as contracted and mutually agreed with the client. Refer to the Pricing Policy or contact us for details.""}]",2025-10-10T12:51:31Z
,true,0,"Monthly Accounting & Bookkeeping","TCH-1007","₹3,000.00","{""Service Type"":{""optionType"":""drop_down"",""name"":""Service Type"",""choices"":[{""inStock"":true,""visible"":true,""mainMedia"":null,""description"":""Accounting"",""mediaItems"":[],""value"":""Accounting""}]}}","wix:image://v1/bb8fb0_f066d93a79874a2792fc0d4401c3d1e9~mv2.png/file.png#originWidth=1024&originHeight=1024","End-to-end monthly bookkeeping for SMEs and professionals.","8d931cc5-36ba-4e4b-ac31-29b1174e8ffe",3000,"₹3,000.00",3000,,"[""17fce5d7-0d98-4b6b-9a06-8d311fe03c02"",""00000000-000000-000000-000000000001""]","726ce33a-c945-b1b4-53ce-d64ee8b17001",2025-10-12T03:19:12Z,,"monthly-accounting-bookkeeping","physical","TaxChela",[],,"[{""description"":"""",""id"":""bb8fb0_f066d93a79874a2792fc0d4401c3d1e9~mv2.png"",""link"":null,""src"":""wix:image://v1/bb8fb0_f066d93a79874a2792fc0d4401c3d1e9~mv2.png/file.png#originWidth=1024&originHeight=1024"",""title"":""7.png"",""type"":""Image""}]",false,[],,,"INR","/product-page/monthly-accounting-bookkeeping","1760100691949208",false,"{""type"":""NONE"",""value"":0}","[{""title"":""Standard Pricing Disclaimer"",""description"":""All prices are standard reference rates. Actual prices will be as contracted and mutually agreed with the client. Refer to the Pricing Policy or contact us for details.""}]",2025-10-10T12:51:31Z
,true,0,"GST Annual Return","TCH-1006","₹2,500.00","{""Service Type"":{""optionType"":""drop_down"",""name"":""Service Type"",""choices"":[{""inStock"":true,""visible"":true,""mainMedia"":null,""description"":""GST"",""mediaItems"":[],""value"":""GST""}]}}","wix:image://v1/bb8fb0_404851e7f20a435aa622a9866150df09~mv2.png/file.png#originWidth=1024&originHeight=1024","Preparation and filing of annual GST reconciliation report.","204a827a-f14a-499b-a27f-22ee4dd53e21",2500,"₹2,500.00",2500,,"[""dbce3376-3739-4494-9faa-944e17554006"",""00000000-000000-000000-000000000001""]","dfb57d85-0eb5-b664-5d80-dd11b22ac1de",2025-10-12T03:18:30Z,,"gst-annual-return","physical","TaxChela",[],,"[{""description"":"""",""id"":""bb8fb0_404851e7f20a435aa622a9866150df09~mv2.png"",""link"":null,""src"":""wix:image://v1/bb8fb0_404851e7f20a435aa622a9866150df09~mv2.png/file.png#originWidth=1024&originHeight=1024"",""title"":""6.png"",""type"":""Image""}]",false,[],,,"INR","/product-page/gst-annual-return","1760100691949224",false,"{""type"":""NONE"",""value"":0}","[{""title"":""Standard Pricing Disclaimer"",""description"":""All prices are standard reference rates. Actual prices will be as contracted and mutually agreed with the client. Refer to the Pricing Policy or contact us for details.""}]",2025-10-10T12:51:31Z
,true,0,"GST Return Filing","TCH-1005","₹1,000.00","{""Service Type"":{""optionType"":""drop_down"",""name"":""Service Type"",""choices"":[{""inStock"":true,""visible"":true,""mainMedia"":null,""description"":""GST"",""mediaItems"":[],""value"":""GST""}]}}","wix:image://v1/bb8fb0_e677d630624843c1a98dd682e2cd1476~mv2.png/file.png#originWidth=1024&originHeight=1024","Monthly or quarterly GST return filing and compliance review.","e2cdbfbc-9c58-40d4-b1d5-4e625f74090e",1000,"₹1,000.00",1000,,"[""dbce3376-3739-4494-9faa-944e17554006"",""00000000-000000-000000-000000000001""]","1d324043-63a7-bf2b-4e2a-b19da08bf6f1",2025-10-11T09:19:05Z,,"gst-return-filing","physical","TaxChela",[],,"[{""description"":"""",""id"":""bb8fb0_e677d630624843c1a98dd682e2cd1476~mv2.png"",""link"":null,""src"":""wix:image://v1/bb8fb0_e677d630624843c1a98dd682e2cd1476~mv2.png/file.png#originWidth=1024&originHeight=1024"",""title"":""5.png"",""type"":""Image""}]",false,[],,,"INR","/product-page/gst-return-filing","1760100691949240",false,"{""type"":""NONE"",""value"":0}","[{""title"":""Standard Pricing Disclaimer"",""description"":""All prices are standard reference rates. Actual prices will be as contracted and mutually agreed with the client. Refer to the Pricing Policy or contact us for details.""}]",2025-10-10T12:51:31Z
,true,0,"GST Registration","TCH-1004","₹999.00","{""Service Type"":{""optionType"":""drop_down"",""name"":""Service Type"",""choices"":[{""inStock"":true,""visible"":true,""mainMedia"":null,""description"":""GST"",""mediaItems"":[],""value"":""GST""}]}}","wix:image://v1/bb8fb0_a5f59e2882db4dbc945afdab0afd4a8c~mv2.png/file.png#originWidth=1024&originHeight=1024","One-time GST registration service with documentation support.","9261860d-7fd9-4cf2-9ff8-27bf2a919377",999,"₹999.00",999,,"[""dbce3376-3739-4494-9faa-944e17554006"",""00000000-000000-000000-000000000001""]","6d9e79f2-8026-b30d-6007-d840d56e6c88",2025-10-11T09:18:42Z,,"gst-registration","physical","TaxChela",[],,"[{""description"":"""",""id"":""bb8fb0_a5f59e2882db4dbc945afdab0afd4a8c~mv2.png"",""link"":null,""src"":""wix:image://v1/bb8fb0_a5f59e2882db4dbc945afdab0afd4a8c~mv2.png/file.png#originWidth=1024&originHeight=1024"",""title"":""4.png"",""type"":""Image""}]",false,[],,,"INR","/product-page/gst-registration","1760100691949256",false,"{""type"":""NONE"",""value"":0}","[{""title"":""Standard Pricing Disclaimer"",""description"":""All prices are standard reference rates. Actual prices will be as contracted and mutually agreed with the client. Refer to the Pricing Policy or contact us for details.""}]",2025-10-10T12:51:31Z
,true,0,"Tax Planning Consultation","TCH-1003","₹1,500.00","{""Service Type"":{""optionType"":""drop_down"",""name"":""Service Type"",""choices"":[{""inStock"":true,""visible"":true,""mainMedia"":null,""description"":""Taxation"",""mediaItems"":[],""value"":""Taxation""}]}}","wix:image://v1/bb8fb0_638b4173b9754936a538db7010d5c5ca~mv2.png/file.png#originWidth=1024&originHeight=1024","Expert tax planning and advisory session.","d13129be-28f0-4813-8837-c3c438977c5a",1500,"₹1,500.00",1500,,"[""f95bc04a-a490-16d5-d9f0-dfbce700c6b1"",""00000000-000000-000000-000000000001""]","2eced641-d70f-b7ec-77c8-3c3bc76883a5",2025-10-11T09:18:23Z,,"tax-planning-consultation","physical","TaxChela",[],,"[{""description"":"""",""id"":""bb8fb0_638b4173b9754936a538db7010d5c5ca~mv2.png"",""link"":null,""src"":""wix:image://v1/bb8fb0_638b4173b9754936a538db7010d5c5ca~mv2.png/file.png#originWidth=1024&originHeight=1024"",""title"":""3.png"",""type"":""Image""}]",false,[],,,"INR","/product-page/tax-planning-consultation","1760100691949272",false,"{""type"":""NONE"",""value"":0}","[{""title"":""Standard Pricing Disclaimer"",""description"":""All prices are standard reference rates. Actual prices will be as contracted and mutually agreed with the client. Refer to the Pricing Policy or contact us for details.""}]",2025-10-10T12:51:31Z
,true,0,"TDS Return Filing","TCH-1002","₹1,200.00","{""Service Type"":{""optionType"":""drop_down"",""name"":""Service Type"",""choices"":[{""inStock"":true,""visible"":true,""mainMedia"":null,""description"":""Taxation"",""mediaItems"":[],""value"":""Taxation""}]}}","wix:image://v1/bb8fb0_1aed1089f0604fffaa32226b3f1f94cf~mv2.png/file.png#originWidth=1024&originHeight=1024","Quarterly filing of Tax Deducted at Source returns.","adf8042e-1d88-42d3-bd73-5893678d5265",1200,"₹1,200.00",1200,,"[""f95bc04a-a490-16d5-d9f0-dfbce700c6b1"",""00000000-000000-000000-000000000001""]","5207fbd1-e277-bd2c-428c-a76c9872ad9a",2025-10-11T09:18:00Z,,"tds-return-filing","physical","TaxChela",[],,"[{""description"":"""",""id"":""bb8fb0_1aed1089f0604fffaa32226b3f1f94cf~mv2.png"",""link"":null,""src"":""wix:image://v1/bb8fb0_1aed1089f0604fffaa32226b3f1f94cf~mv2.png/file.png#originWidth=1024&originHeight=1024"",""title"":""2.png"",""type"":""Image""}]",false,[],,,"INR","/product-page/tds-return-filing","1760100691949288",false,"{""type"":""NONE"",""value"":0}","[{""title"":""Standard Pricing Disclaimer"",""description"":""All prices are standard reference rates. Actual prices will be as contracted and mutually agreed with the client. Refer to the Pricing Policy or contact us for details.""}]",2025-10-10T12:51:31Z
,true,0,"ITR Filing (Individual / Firm / Company)","TCH-1001","₹1,500.00","{""Service Type"":{""optionType"":""drop_down"",""name"":""Service Type"",""choices"":[{""inStock"":true,""visible"":true,""mainMedia"":null,""description"":""Taxation"",""mediaItems"":[],""value"":""Taxation""}]}}","wix:image://v1/bb8fb0_19160bfdf7004ef7950bf4f91b0e04e4~mv2.png/file.png#originWidth=1024&originHeight=1024","Filing of Income Tax Return for individuals, firms, and companies.","b9acce5d-9b70-4421-8e26-7125c6b253d5",1500,"₹1,500.00",1500,,"[""00000000-000000-000000-000000000001""]","465331a2-648f-bbde-71d9-8eda394dac2a",2025-10-11T09:17:31Z,,"itr-filing-individual-firm-company","physical","TaxChela",[],,"[{""description"":"""",""id"":""bb8fb0_19160bfdf7004ef7950bf4f91b0e04e4~mv2.png"",""link"":null,""src"":""wix:image://v1/bb8fb0_19160bfdf7004ef7950bf4f91b0e04e4~mv2.png/file.png#originWidth=1024&originHeight=1024"",""title"":""1.png"",""type"":""Image""}]",false,[],,,"INR","/product-page/itr-filing-individual-firm-company","1760100691949304",false,"{""type"":""NONE"",""value"":0}","[{""title"":""Standard Pricing Disclaimer"",""description"":""All prices are standard reference rates. Actual prices will be as contracted and mutually agreed with the client. Refer to the Pricing Policy or contact us for details.""}]",2025-10-10T12:51:31Z
